"SYS_FIELD_NAME"," FIELD_DESC",
"YEAR","Year",
"QUARTER","Quarter",
"UNIQUE_CARRIER","Unique Carrier Code. When the same code has been used by multiple carriers, a numeric suffix is used for earlier users, for example, PA, PA(1), PA(2). Use this field for analysis across a range of years.",
"UNIQUE_CARRIER_NAME","Unique Carrier Name. When the same name has been used by multiple carriers, a numeric suffix is used for earlier users, for example, Air Caribbean, Air Caribbean (1).",
"ORIGIN","Airport Code",
"SERVICE_CLASS","Service Class (Scheduled, Non-Scheduled, etc.)",
"REV_PAX_ENP_110","Total Passengers",
"NUM_MONTHS","Number of Months that the Carrier Reported in the Quarter (1, 2, or 3)",
